State,Scale,N,Mean,SD,SE,Grand_Mean,CR,abs_CR,Direction
Michigan,Honesty_Humility,463,0.20139649498902557,0.689756393752626,0.032055698109047244,0.06337256471239115,4.305753373615632,4.305753373615632,High
New York,NEO_Openness,680,4.394886325939412,0.8052633640190102,0.030880440350201807,4.275382211031184,3.8698967227469248,3.8698967227469248,High
Illinois,NEO_Extraversion,812,4.069677421973736,0.9070626319544004,0.031831658078393575,3.95334257682636,3.65469008434534,3.65469008434534,High
Michigan,NEO_Agreeableness,856,4.380044868265171,0.7872574437079609,0.026907905473208656,4.290150404651007,3.3408198086495116,3.3408198086495116,High
Florida,NEO_Neuroticism,691,3.1964524496735796,1.0177610932399122,0.03871745667516772,3.32121281217153,-3.222328458831034,3.222328458831034,Low
Michigan,NEO_Openness,850,4.1858354082737685,0.8112293739702453,0.027824937972388053,4.275382211031184,-3.218221109649082,3.218221109649082,Low
California,Honesty_Humility,959,-0.009005962646098436,0.6987118388766865,0.022562582038047167,0.06337256471239115,-3.2079009058643218,3.2079009058643218,Low
California,Ideology,836,0.016976690016913508,0.9507366260745529,0.03288191377915,0.11908187338052856,-3.1052080499146197,3.1052080499146197,Low
